{"cameraMode":{"drawMode":0,"name":"Shaded","section":"Shading Mode"},"sceneLighting":false,"audioPlay":false,"sceneViewState":{"m_AlwaysRefresh":false,"showFog":true,"showSkybox":false,"showFlares":true,"showImageEffects":true,"showParticleSystems":true,"showVisualEffectGraphs":true,"m_FxEnabled":true},"in2DMode":false,"pivot":{"x":0.012094765901565552,"y":0.6700000166893005,"z":0.12000000476837158},"rotation":{"x":-0.253047376871109,"y":-0.6586207747459412,"z":0.25152379274368288,"w":-0.662573516368866},"size":0.4330126941204071,"orthographic":false}